{
  "b": [
    0.0002870109990572667,
    0.0011480439962290668,
    0.0017220659943435999,
    0.0011480439962290668,
    0.0002870109990572667
  ],
  "a": [
    1.0,
    -3.060028898061031,
    3.568423657190506,
    -1.886347745425047,
    0.3825151622804882
  ]
} 